{
  "project_info": {
    "project_number": "632395515201",
    "project_id": "dictionnaire-zarma",
    "storage_bucket": "dictionnaire-zarma.firebasestorage.app"
  },
  "client": [
    {
      "client_info": {
        "mobilesdk_app_id": "1:632395515201:android:d78f371676afac94588dc0",
        "android_client_info": {
          "package_name": "com.example.zarma_dictionary"
        }
      },
      "oauth_client": [],
      "api_key": [
        {
          "current_key": "AIzaSyAaB-yEzm4ovmD0ENEgGPE8-49Y-eaaIBg"
        }
      ],
      "services": {
        "appinvite_service": {
          "other_platform_oauth_client": []
        }
      }
    }
  ],
  "configuration_version": "1"
}